Method,Seed,bin,left,right,count,mean_confidence,accuracy,weight
fixed_cloud_only,11,1,0.0,0.06666666666666667,0,,,0.0
fixed_cloud_only,11,2,0.06666666666666667,0.13333333333333333,188,0.12399087846279144,0.11170212765957446,0.0015974848111484047
fixed_cloud_only,11,3,0.13333333333333333,0.2,660,0.16247427463531494,0.15303030303030302,0.005608191358286952
fixed_cloud_only,11,4,0.2,0.26666666666666666,345,0.23357097804546356,0.3681159420289855,0.002931554573649998
fixed_cloud_only,11,5,0.26666666666666666,0.3333333333333333,432,0.30355092883110046,0.35185185185185186,0.0036708161617878235
fixed_cloud_only,11,6,0.3333333333333333,0.4,610,0.3686826229095459,0.48032786885245904,0.005183328376598547
fixed_cloud_only,11,7,0.4,0.4666666666666667,750,0.43539804220199585,0.6253333333333333,0.006372944725326082
fixed_cloud_only,11,8,0.4666666666666667,0.5333333333333333,5175,0.5027835369110107,0.5953623188405797,0.04397331860474997
fixed_cloud_only,11,9,0.5333333333333333,0.6,853,0.565813422203064,0.7549824150058617,0.007248162467604197
fixed_cloud_only,11,10,0.6,0.6666666666666666,857,0.6339178085327148,0.822637106184364,0.00728215150613927
fixed_cloud_only,11,11,0.6666666666666666,0.7333333333333333,940,0.7024806141853333,0.9095744680851063,0.007987424055742024
fixed_cloud_only,11,12,0.7333333333333333,0.8,4715,0.7620007991790771,0.9238600212089078,0.04006457917321664
fixed_cloud_only,11,13,0.8,0.8666666666666667,8915,0.8340021967887878,0.9908020190689849,0.0757530696350427
fixed_cloud_only,11,14,0.8666666666666667,0.9333333333333333,13124,0.9076379537582397,0.9974093264248705,0.11151803543357268
fixed_cloud_only,11,15,0.9333333333333333,1.0,80121,0.9740217328071594,0.9998127831654623,0.6808089391171347
fixed_cloud_only,22,1,0.0,0.06666666666666667,0,,,0.0
fixed_cloud_only,22,2,0.06666666666666667,0.13333333333333333,195,0.12187843024730682,0.14358974358974358,0.0016569656285847815
fixed_cloud_only,22,3,0.13333333333333333,0.2,807,0.16519246995449066,0.17100371747211895,0.006857288524450864
fixed_cloud_only,22,4,0.2,0.26666666666666666,442,0.23039375245571136,0.3235294117647059,0.0037557887581255046
fixed_cloud_only,22,5,0.26666666666666666,0.3333333333333333,401,0.300911545753479,0.516209476309227,0.003407401113141012
fixed_cloud_only,22,6,0.3333333333333333,0.4,613,0.36891698837280273,0.6247960848287113,0.005208820155499851
fixed_cloud_only,22,7,0.4,0.4666666666666667,988,0.43559011816978455,0.5759109311740891,0.008395292518162893
fixed_cloud_only,22,8,0.4666666666666667,0.5333333333333333,19438,0.5081506371498108,0.5964605412079432,0.16516973276118452
fixed_cloud_only,22,9,0.5333333333333333,0.6,29906,0.5515413284301758,0.6441182371430482,0.2541190466074691
fixed_cloud_only,22,10,0.6,0.6666666666666666,11032,0.6386406421661377,0.7937817258883249,0.09374176827972978
fixed_cloud_only,22,11,0.6666666666666666,0.7333333333333333,3009,0.6803537011146545,0.8883349950149552,0.025568254238008244
fixed_cloud_only,22,12,0.7333333333333333,0.8,644,0.7666043639183044,0.922360248447205,0.005472235204146663
fixed_cloud_only,22,13,0.8,0.8666666666666667,976,0.8349080681800842,0.9528688524590164,0.008293325402557675
fixed_cloud_only,22,14,0.8666666666666667,0.9333333333333333,3410,0.9116987586021423,0.9739002932551319,0.028975655351149255
fixed_cloud_only,22,15,0.9333333333333333,1.0,45824,0.9916366338729858,0.9999345321229051,0.3893784254577899
fixed_edge_only,11,1,0.0,0.06666666666666667,0,,,0.0
fixed_edge_only,11,2,0.06666666666666667,0.13333333333333333,120,0.12259414047002792,0.10833333333333334,0.0010196711560521731
fixed_edge_only,11,3,0.13333333333333333,0.2,688,0.168936625123024,0.14534883720930233,0.00584611462803246
fixed_edge_only,11,4,0.2,0.26666666666666666,529,0.23120202124118805,0.2381852551984877,0.00449505034626333
fixed_edge_only,11,5,0.26666666666666666,0.3333333333333333,734,0.3051856756210327,0.6185286103542235,0.006236988571185793
fixed_edge_only,11,6,0.3333333333333333,0.4,833,0.36353909969329834,0.7058823529411765,0.007078217274928835
fixed_edge_only,11,7,0.4,0.4666666666666667,834,0.43561428785324097,0.6067146282973621,0.007086714534562603
fixed_edge_only,11,8,0.4666666666666667,0.5333333333333333,2588,0.5132161378860474,0.5645285935085008,0.02199090793219187
fixed_edge_only,11,9,0.5333333333333333,0.6,4298,0.5491726994514465,0.7012563983248022,0.03652122190593533
fixed_edge_only,11,10,0.6,0.6666666666666666,2818,0.6363492012023926,0.9506742370475515,0.023945277647958535
fixed_edge_only,11,11,0.6666666666666666,0.7333333333333333,10250,0.7148091197013855,0.9928780487804878,0.08709691124612312
fixed_edge_only,11,12,0.7333333333333333,0.8,13952,0.7604843378067017,0.9736955275229358,0.11855376641033266
fixed_edge_only,11,13,0.8,0.8666666666666667,20990,0.8387673497200012,0.9989042401143402,0.17835747971279262
fixed_edge_only,11,14,0.8666666666666667,0.9333333333333333,36051,0.9111891984939575,0.9998335691104269,0.30633470705697413
fixed_edge_only,11,15,0.9333333333333333,1.0,23000,0.9506711959838867,1.0,0.19543697157666653
fixed_edge_only,22,1,0.0,0.06666666666666667,0,,,0.0
fixed_edge_only,22,2,0.06666666666666667,0.13333333333333333,150,0.11993919312953949,0.1,0.0012745889450652165
fixed_edge_only,22,3,0.13333333333333333,0.2,612,0.1676853597164154,0.17320261437908496,0.005200322895866083
fixed_edge_only,22,4,0.2,0.26666666666666666,616,0.232807457447052,0.26136363636363635,0.005234311934401156
fixed_edge_only,22,5,0.26666666666666666,0.3333333333333333,523,0.29999643564224243,0.4894837476099426,0.004444066788460721
fixed_edge_only,22,6,0.3333333333333333,0.4,723,0.36832669377326965,0.6224066390041494,0.006143518715214343
fixed_edge_only,22,7,0.4,0.4666666666666667,1378,0.438232421875,0.5776487663280117,0.011709223775332456
fixed_edge_only,22,8,0.4666666666666667,0.5333333333333333,21021,0.5196730494499207,0.6022548879691737,0.17862089476143944
fixed_edge_only,22,9,0.5333333333333333,0.6,25495,0.559506893157959,0.6393802706413022,0.21663763436291797
fixed_edge_only,22,10,0.6,0.6666666666666666,5458,0.6352220773696899,0.7946134115060461,0.046378043081106345
fixed_edge_only,22,11,0.6666666666666666,0.7333333333333333,5518,0.7007430791854858,0.8793040956868431,0.04688787865913243
fixed_edge_only,22,12,0.7333333333333333,0.8,7667,0.7656141519546509,0.9277422720751272,0.0651484896121001
fixed_edge_only,22,13,0.8,0.8666666666666667,2534,0.8362540006637573,0.9810576164167324,0.02153205591196839
fixed_edge_only,22,14,0.8666666666666667,0.9333333333333333,3994,0.8958431482315063,0.986730095142714,0.03393805497726983
fixed_edge_only,22,15,0.9333333333333333,1.0,41996,0.9701716303825378,0.9999523764168016,0.35685091557972554
full_rcsmoe,11,1,0.0,0.06666666666666667,0,,,0.0
full_rcsmoe,11,2,0.06666666666666667,0.13333333333333333,420,0.11925813555717468,0.10714285714285714,0.003568849046182606
full_rcsmoe,11,3,0.13333333333333333,0.2,594,0.1621195673942566,0.27441077441077444,0.005047372222458257
full_rcsmoe,11,4,0.2,0.26666666666666666,460,0.23468375205993652,0.5108695652173914,0.00390873943153333
full_rcsmoe,11,5,0.26666666666666666,0.3333333333333333,605,0.2996300458908081,0.5107438016528926,0.005140842078429707
full_rcsmoe,11,6,0.3333333333333333,0.4,708,0.3680761158466339,0.556497175141243,0.006016059820707822
full_rcsmoe,11,7,0.4,0.4666666666666667,1128,0.436685174703598,0.699468085106383,0.009584908866890427
full_rcsmoe,11,8,0.4666666666666667,0.5333333333333333,11335,0.5103464126586914,0.5992942214380238,0.09631643794876152
full_rcsmoe,11,9,0.5333333333333333,0.6,36361,0.5694435238838196,0.6889524490525563,0.3089688575434422
full_rcsmoe,11,10,0.6,0.6666666666666666,11201,0.6319947242736816,0.9212570306222658,0.0951778051578366
full_rcsmoe,11,11,0.6666666666666666,0.7333333333333333,1456,0.6924542188644409,0.7527472527472527,0.012372010026766368
full_rcsmoe,11,12,0.7333333333333333,0.8,2360,0.7788558006286621,0.9792372881355932,0.02005353273569274
full_rcsmoe,11,13,0.8,0.8666666666666667,1701,0.8453742265701294,0.9800117577895355,0.014453838637039555
full_rcsmoe,11,14,0.8666666666666667,0.9333333333333333,2811,0.9085102081298828,0.984347207399502,0.023885796830522155
full_rcsmoe,11,15,0.9333333333333333,1.0,46545,0.9911711812019348,0.9998066387367064,0.39550494965373667
full_rcsmoe,22,1,0.0,0.06666666666666667,0,,,0.0
full_rcsmoe,22,2,0.06666666666666667,0.13333333333333333,253,0.12233654409646988,0.06324110671936758,0.0021498066873433318
full_rcsmoe,22,3,0.13333333333333333,0.2,628,0.1607603132724762,0.11305732484076433,0.005336279050006373
full_rcsmoe,22,4,0.2,0.26666666666666666,344,0.2353367656469345,0.2761627906976744,0.00292305731401623
full_rcsmoe,22,5,0.26666666666666666,0.3333333333333333,481,0.3022906184196472,0.3866943866943867,0.004087181883842461
full_rcsmoe,22,6,0.3333333333333333,0.4,707,0.36694103479385376,0.5403111739745403,0.006007562561074054
full_rcsmoe,22,7,0.4,0.4666666666666667,13208,0.45029038190841675,0.6474863718958207,0.1122318052428092
full_rcsmoe,22,8,0.4666666666666667,0.5333333333333333,8358,0.5076608657836914,0.5366116295764537,0.07102009601903386
full_rcsmoe,22,9,0.5333333333333333,0.6,30134,0.5726444125175476,0.6715670007300724,0.2560564218039682
full_rcsmoe,22,10,0.6,0.6666666666666666,11412,0.6150301098823547,0.7934630213810024,0.09697072694056166
full_rcsmoe,22,11,0.6666666666666666,0.7333333333333333,834,0.6992592811584473,0.9004796163069544,0.007086714534562603
full_rcsmoe,22,12,0.7333333333333333,0.8,782,0.7706548571586609,0.928388746803069,0.006644857033606662
full_rcsmoe,22,13,0.8,0.8666666666666667,2420,0.8417696356773376,0.9714876033057851,0.020563368313718827
full_rcsmoe,22,14,0.8666666666666667,0.9333333333333333,4118,0.8950710296630859,0.9859154929577465,0.03499171517185708
full_rcsmoe,22,15,0.9333333333333333,1.0,44006,0.9922357797622681,0.9999772758260237,0.37393040744359946
no_cost_objective,11,1,0.0,0.06666666666666667,0,,,0.0
no_cost_objective,11,2,0.06666666666666667,0.13333333333333333,291,0.12230886518955231,0.140893470790378,0.00247270255342652
no_cost_objective,11,3,0.13333333333333333,0.2,1039,0.168087437748909,0.17324350336862368,0.008828652759485066
no_cost_objective,11,4,0.2,0.26666666666666666,755,0.22838722169399261,0.3218543046357616,0.006415431023494923
no_cost_objective,11,5,0.26666666666666666,0.3333333333333333,526,0.3006236255168915,0.6273764258555133,0.004469558567362026
no_cost_objective,11,6,0.3333333333333333,0.4,674,0.36710694432258606,0.6498516320474778,0.005727152993159706
no_cost_objective,11,7,0.4,0.4666666666666667,671,0.4307798445224762,0.6378539493293591,0.005701661214258402
no_cost_objective,11,8,0.4666666666666667,0.5333333333333333,2694,0.5190197825431824,0.4261321455085375,0.022891617453371288
no_cost_objective,11,9,0.5333333333333333,0.6,4634,0.5493761301040649,0.7343547690979715,0.03937630114288142
no_cost_objective,11,10,0.6,0.6666666666666666,2481,0.6320159435272217,0.841596130592503,0.02108170115137868
no_cost_objective,11,11,0.6666666666666666,0.7333333333333333,4421,0.6982656717300415,0.8780818819271659,0.03756638484088881
no_cost_objective,11,12,0.7333333333333333,0.8,15245,0.7822614908218384,0.9925877336831748,0.12954072311679482
no_cost_objective,11,13,0.8,0.8666666666666667,6050,0.8269855976104736,0.9871074380165289,0.05140842078429706
no_cost_objective,11,14,0.8666666666666667,0.9333333333333333,22616,0.8937482833862305,0.9977449593208348,0.19217402387729957
no_cost_objective,11,15,0.9333333333333333,1.0,55588,0.9885046482086182,0.9999460315175938,0.4723456685219017
no_cost_objective,22,1,0.0,0.06666666666666667,0,,,0.0
no_cost_objective,22,2,0.06666666666666667,0.13333333333333333,346,0.12033510208129883,0.08092485549132948,0.002940051833283766
no_cost_objective,22,3,0.13333333333333333,0.2,873,0.16112017631530762,0.15807560137457044,0.0074181076602795595
no_cost_objective,22,4,0.2,0.26666666666666666,357,0.23212717473506927,0.3949579831932773,0.0030335216892552154
no_cost_objective,22,5,0.26666666666666666,0.3333333333333333,468,0.30397117137908936,0.532051282051282,0.003976717508603476
no_cost_objective,22,6,0.3333333333333333,0.4,813,0.3705027401447296,0.6260762607626076,0.006908272082253473
no_cost_objective,22,7,0.4,0.4666666666666667,1396,0.43385764956474304,0.6475644699140402,0.01186217444874028
no_cost_objective,22,8,0.4666666666666667,0.5333333333333333,21988,0.5067698359489441,0.6068309987265781,0.1868377448272932
no_cost_objective,22,9,0.5333333333333333,0.6,28424,0.5566576719284058,0.6974739656628202,0.24152610783022474
no_cost_objective,22,10,0.6,0.6666666666666666,11711,0.6116938591003418,0.7592861412347366,0.09951140757105834
no_cost_objective,22,11,0.6666666666666666,0.7333333333333333,1331,0.7020566463470459,0.903831705484598,0.011309852572545354
no_cost_objective,22,12,0.7333333333333333,0.8,1841,0.770095944404602,0.9619771863117871,0.01564345498576709
no_cost_objective,22,13,0.8,0.8666666666666667,2219,0.8408180475234985,0.9756647138350608,0.018855419127331435
no_cost_objective,22,14,0.8666666666666667,0.9333333333333333,4812,0.8916035890579224,0.9887780548628429,0.04088881335769214
no_cost_objective,22,15,0.9333333333333333,1.0,41106,0.9940184354782104,0.9999513453023889,0.3492883545056719
no_family_objective,11,1,0.0,0.06666666666666667,0,,,0.0
no_family_objective,11,2,0.06666666666666667,0.13333333333333333,239,0.11784236878156662,0.09205020920502092,0.002030845052470578
no_family_objective,11,3,0.13333333333333333,0.2,684,0.1655440330505371,0.18567251461988304,0.005812125589497387
no_family_objective,11,4,0.2,0.26666666666666666,460,0.23234252631664276,0.3217391304347826,0.00390873943153333
no_family_objective,11,5,0.26666666666666666,0.3333333333333333,541,0.30062782764434814,0.5360443622920518,0.004597017461868547
no_family_objective,11,6,0.3333333333333333,0.4,689,0.36954864859580994,0.5849056603773585,0.005854611887666228
no_family_objective,11,7,0.4,0.4666666666666667,1284,0.43724653124809265,0.5514018691588785,0.010910481369758253
no_family_objective,11,8,0.4666666666666667,0.5333333333333333,20207,0.508955180644989,0.6210719057752264,0.17170412541955218
no_family_objective,11,9,0.5333333333333333,0.6,27026,0.5651158094406128,0.6447865018870718,0.22964693886221693
no_family_objective,11,10,0.6,0.6666666666666666,15671,0.616604745388031,0.7474315614829941,0.13316055572078006
no_family_objective,11,11,0.6666666666666666,0.7333333333333333,696,0.7003430128097534,0.9037356321839081,0.005914092705102604
no_family_objective,11,12,0.7333333333333333,0.8,1008,0.7719582915306091,0.9325396825396826,0.008565237710838254
no_family_objective,11,13,0.8,0.8666666666666667,2976,0.8328798413276672,0.9684139784946236,0.025287844670093894
no_family_objective,11,14,0.8666666666666667,0.9333333333333333,2058,0.8938137888908386,0.9941690962099126,0.01748736032629477
no_family_objective,11,15,0.9333333333333333,1.0,44146,0.9923614859580994,0.9999773478910886,0.37512002379232695
no_family_objective,22,1,0.0,0.06666666666666667,0,,,0.0
no_family_objective,22,2,0.06666666666666667,0.13333333333333333,319,0.11968227475881577,0.06583072100313479,0.002710625823172027
no_family_objective,22,3,0.13333333333333333,0.2,792,0.1639658659696579,0.13383838383838384,0.006729829629944343
no_family_objective,22,4,0.2,0.26666666666666666,400,0.23028679192066193,0.345,0.003398903853507244
no_family_objective,22,5,0.26666666666666666,0.3333333333333333,426,0.3012346029281616,0.5140845070422535,0.0036198326039852146
no_family_objective,22,6,0.3333333333333333,0.4,587,0.3698568046092987,0.6729131175468483,0.00498789140502188
no_family_objective,22,7,0.4,0.4666666666666667,1857,0.4428322911262512,0.6112008616047389,0.01577941113990738
no_family_objective,22,8,0.4666666666666667,0.5333333333333333,23967,0.4955379366874695,0.6160971335586432,0.2036538216425203
no_family_objective,22,9,0.5333333333333333,0.6,20082,0.5534359812736511,0.6505826112936959,0.17064196796533118
no_family_objective,22,10,0.6,0.6666666666666666,17980,0.6367207169532776,0.7313681868743048,0.15278072821515062
no_family_objective,22,11,0.6666666666666666,0.7333333333333333,1146,0.6954887509346008,0.9336823734729494,0.009737859540298254
no_family_objective,22,12,0.7333333333333333,0.8,1409,0.7706815004348755,0.9538679914833215,0.011972638823979267
no_family_objective,22,13,0.8,0.8666666666666667,3145,0.8279119729995728,0.9806041335453101,0.026723881548200705
no_family_objective,22,14,0.8666666666666667,0.9333333333333333,2867,0.8914840221405029,0.9822113707708406,0.02436164337001317
no_family_objective,22,15,0.9333333333333333,1.0,42708,0.9935312271118164,0.9999765851831038,0.3629009644389684
no_ood_reconstruction,11,1,0.0,0.06666666666666667,0,,,0.0
no_ood_reconstruction,11,2,0.06666666666666667,0.13333333333333333,196,0.11893357336521149,0.21428571428571427,0.0016654628882185494
no_ood_reconstruction,11,3,0.13333333333333333,0.2,888,0.16546791791915894,0.14752252252252251,0.007545566554786082
no_ood_reconstruction,11,4,0.2,0.26666666666666666,420,0.2336137890815735,0.40476190476190477,0.003568849046182606
no_ood_reconstruction,11,5,0.26666666666666666,0.3333333333333333,451,0.3005683124065399,0.41019955654101997,0.0038322640948294175
no_ood_reconstruction,11,6,0.3333333333333333,0.4,750,0.3669591546058655,0.444,0.006372944725326082
no_ood_reconstruction,11,7,0.4,0.4666666666666667,1389,0.43971291184425354,0.468682505399568,0.011802693631303905
no_ood_reconstruction,11,8,0.4666666666666667,0.5333333333333333,15264,0.5073889493942261,0.6651598532494759,0.12970217104983642
no_ood_reconstruction,11,9,0.5333333333333333,0.6,4167,0.5656678676605225,0.6635469162467003,0.03540808089391171
no_ood_reconstruction,11,10,0.6,0.6666666666666666,9163,0.6345387101173401,0.19415038742769836,0.07786039002421719
no_ood_reconstruction,11,11,0.6666666666666666,0.7333333333333333,31249,0.6945543885231018,0.7955454574546386,0.26553086629561967
no_ood_reconstruction,11,12,0.7333333333333333,0.8,2161,0.7581543922424316,0.950485886163813,0.018362578068572884
no_ood_reconstruction,11,13,0.8,0.8666666666666667,1187,0.8454895615577698,0.9738837405223252,0.010086247185282747
no_ood_reconstruction,11,14,0.8666666666666667,0.9333333333333333,12383,0.9197455644607544,0.9978195913752725,0.1052215660449505
no_ood_reconstruction,11,15,0.9333333333333333,1.0,38017,0.9803600311279297,0.9996843517373807,0.3230403194969622
no_ood_reconstruction,22,1,0.0,0.06666666666666667,0,,,0.0
no_ood_reconstruction,22,2,0.06666666666666667,0.13333333333333333,624,0.11852049082517624,0.05929487179487179,0.005302290011471301
no_ood_reconstruction,22,3,0.13333333333333333,0.2,594,0.15907062590122223,0.18855218855218855,0.005047372222458257
no_ood_reconstruction,22,4,0.2,0.26666666666666666,348,0.23405009508132935,0.4166666666666667,0.002957046352551302
no_ood_reconstruction,22,5,0.26666666666666666,0.3333333333333333,357,0.30068397521972656,0.5126050420168067,0.0030335216892552154
no_ood_reconstruction,22,6,0.3333333333333333,0.4,484,0.36810028553009033,0.5289256198347108,0.004112673662743765
no_ood_reconstruction,22,7,0.4,0.4666666666666667,1016,0.43776175379753113,0.656496062992126,0.0086332157879084
no_ood_reconstruction,22,8,0.4666666666666667,0.5333333333333333,14481,0.5176441073417664,0.5218562253987984,0.123048816756596
no_ood_reconstruction,22,9,0.5333333333333333,0.6,34347,0.5622358322143555,0.6896381052202522,0.2918553766410333
no_ood_reconstruction,22,10,0.6,0.6666666666666666,13320,0.6136461496353149,0.774024024024024,0.11318349832179123
no_ood_reconstruction,22,11,0.6666666666666666,0.7333333333333333,1462,0.6927780508995056,0.8734610123119015,0.012422993584568977
no_ood_reconstruction,22,12,0.7333333333333333,0.8,943,0.7683756351470947,0.9501590668080594,0.008012915834643327
no_ood_reconstruction,22,13,0.8,0.8666666666666667,1643,0.84050452709198,0.967741935483871,0.013960997578281004
no_ood_reconstruction,22,14,0.8666666666666667,0.9333333333333333,3140,0.8896459341049194,0.9843949044585987,0.026681395250031863
no_ood_reconstruction,22,15,0.9333333333333333,1.0,44926,0.9844420552253723,0.9999554823487513,0.3817478863066661
no_rarity_conditioning,11,1,0.0,0.06666666666666667,1,0.0587662048637867,0.0,8.49725963376811e-06
no_rarity_conditioning,11,2,0.06666666666666667,0.13333333333333333,108,0.12354971468448639,0.05555555555555555,0.0009177040404469559
no_rarity_conditioning,11,3,0.13333333333333333,0.2,853,0.16742005944252014,0.09495896834701055,0.007248162467604197
no_rarity_conditioning,11,4,0.2,0.26666666666666666,509,0.2295098751783371,0.22986247544204322,0.004325105153587968
no_rarity_conditioning,11,5,0.26666666666666666,0.3333333333333333,467,0.3000088334083557,0.43683083511777304,0.003968220248969707
no_rarity_conditioning,11,6,0.3333333333333333,0.4,623,0.37045755982398987,0.5280898876404494,0.005293792751837533
no_rarity_conditioning,11,7,0.4,0.4666666666666667,2410,0.4414255619049072,0.5755186721991701,0.020478395717381144
no_rarity_conditioning,11,8,0.4666666666666667,0.5333333333333333,18767,0.4911569654941559,0.6273778440880269,0.1594680715469261
no_rarity_conditioning,11,9,0.5333333333333333,0.6,20916,0.5820042490959167,0.7243736852170587,0.1777286824998938
no_rarity_conditioning,11,10,0.6,0.6666666666666666,16295,0.6118980646133423,0.7653267873580853,0.13846284573225134
no_rarity_conditioning,11,11,0.6666666666666666,0.7333333333333333,3096,0.7009329199790955,0.8804909560723514,0.02630751582614607
no_rarity_conditioning,11,12,0.7333333333333333,0.8,4107,0.7705153226852417,0.961772583394205,0.034898245315885625
no_rarity_conditioning,11,13,0.8,0.8666666666666667,2945,0.8273295760154724,0.9938879456706282,0.025024429621447082
no_rarity_conditioning,11,14,0.8666666666666667,0.9333333333333333,1701,0.9057621955871582,0.9929453262786596,0.014453838637039555
no_rarity_conditioning,11,15,0.9333333333333333,1.0,44887,0.9925064444541931,0.9999554436696594,0.38141649318094917
no_rarity_conditioning,22,1,0.0,0.06666666666666667,0,,,0.0
no_rarity_conditioning,22,2,0.06666666666666667,0.13333333333333333,91,0.12442488223314285,0.03296703296703297,0.000773250626672898
no_rarity_conditioning,22,3,0.13333333333333333,0.2,735,0.16865704953670502,0.1306122448979592,0.006245485830819561
no_rarity_conditioning,22,4,0.2,0.26666666666666666,478,0.23037242889404297,0.32426778242677823,0.004061690104941156
no_rarity_conditioning,22,5,0.26666666666666666,0.3333333333333333,384,0.299500435590744,0.4348958333333333,0.003262947699366954
no_rarity_conditioning,22,6,0.3333333333333333,0.4,533,0.3685186207294464,0.6097560975609756,0.004529039384798403
no_rarity_conditioning,22,7,0.4,0.4666666666666667,2872,0.45404598116874695,0.4801532033426184,0.02440412966818201
no_rarity_conditioning,22,8,0.4666666666666667,0.5333333333333333,24561,0.5240534543991089,0.6145515247750499,0.20870119386497854
no_rarity_conditioning,22,9,0.5333333333333333,0.6,33577,0.5762190222740173,0.6989308157369628,0.28531248672303183
no_rarity_conditioning,22,10,0.6,0.6666666666666666,2750,0.6361145973205566,0.8221818181818182,0.0233674639928623
no_rarity_conditioning,22,11,0.6666666666666666,0.7333333333333333,962,0.7005061507225037,0.896049896049896,0.008174363767684921
no_rarity_conditioning,22,12,0.7333333333333333,0.8,1446,0.7707579731941223,0.9405255878284924,0.012287037430428686
no_rarity_conditioning,22,13,0.8,0.8666666666666667,4138,0.8337037563323975,0.9842919284678588,0.035161660364532436
no_rarity_conditioning,22,14,0.8666666666666667,0.9333333333333333,1024,0.900779128074646,0.9970703125,0.008701193864978545
no_rarity_conditioning,22,15,0.9333333333333333,1.0,44134,0.9912043213844299,1.0,0.3750180566767218
no_sparse_experts,11,1,0.0,0.06666666666666667,0,,,0.0
no_sparse_experts,11,2,0.06666666666666667,0.13333333333333333,281,0.12268700450658798,0.11743772241992882,0.002387729957088839
no_sparse_experts,11,3,0.13333333333333333,0.2,840,0.1633034348487854,0.28809523809523807,0.007137698092365212
no_sparse_experts,11,4,0.2,0.26666666666666666,515,0.23035819828510284,0.4174757281553398,0.004376088711390577
no_sparse_experts,11,5,0.26666666666666666,0.3333333333333333,556,0.3013475239276886,0.48381294964028776,0.004724476356375069
no_sparse_experts,11,6,0.3333333333333333,0.4,684,0.3682432472705841,0.6461988304093568,0.005812125589497387
no_sparse_experts,11,7,0.4,0.4666666666666667,887,0.4348268508911133,0.6685456595264938,0.007537069295152314
no_sparse_experts,11,8,0.4666666666666667,0.5333333333333333,12394,0.5051020979881287,0.8218492819106019,0.10531503590092195
no_sparse_experts,11,9,0.5333333333333333,0.6,1877,0.5670608282089233,0.7075119872136388,0.01594935633258274
no_sparse_experts,11,10,0.6,0.6666666666666666,5238,0.6412842273712158,0.8854524627720504,0.04450864596167736
no_sparse_experts,11,11,0.6666666666666666,0.7333333333333333,7647,0.6972198486328125,0.9742382633712567,0.06497854441942473
no_sparse_experts,11,12,0.7333333333333333,0.8,13132,0.7657301425933838,0.9913950654888821,0.11158601351064282
no_sparse_experts,11,13,0.8,0.8666666666666667,6516,0.827383816242218,0.9717618170656844,0.055368143773633006
no_sparse_experts,11,14,0.8666666666666667,0.9333333333333333,6744,0.898830771446228,0.9793890865954923,0.057305518970132134
no_sparse_experts,11,15,0.9333333333333333,1.0,60374,0.9747200012207031,0.9997184218372147,0.5130135531291159
no_sparse_experts,22,1,0.0,0.06666666666666667,0,,,0.0
no_sparse_experts,22,2,0.06666666666666667,0.13333333333333333,105,0.12463226169347763,0.02857142857142857,0.0008922122615456515
no_sparse_experts,22,3,0.13333333333333333,0.2,835,0.16496890783309937,0.18922155688622755,0.007095211794196372
no_sparse_experts,22,4,0.2,0.26666666666666666,523,0.2305087149143219,0.3690248565965583,0.004444066788460721
no_sparse_experts,22,5,0.26666666666666666,0.3333333333333333,581,0.3013453185558319,0.5611015490533563,0.004936907847219272
no_sparse_experts,22,6,0.3333333333333333,0.4,1579,0.38338539004325867,0.6060797973400887,0.013417172961719846
no_sparse_experts,22,7,0.4,0.4666666666666667,13737,0.4471489191055298,0.54021984421635,0.11672685558907252
no_sparse_experts,22,8,0.4666666666666667,0.5333333333333333,25273,0.5178840160369873,0.588216673920785,0.21475124272422144
no_sparse_experts,22,9,0.5333333333333333,0.6,9710,0.5539894104003906,0.6801235839340886,0.08250839104388835
no_sparse_experts,22,10,0.6,0.6666666666666666,16052,0.6199836134910583,0.7438325442312484,0.1363980116412457
no_sparse_experts,22,11,0.6666666666666666,0.7333333333333333,1549,0.6931498050689697,0.9257585539057457,0.013162255172706801
no_sparse_experts,22,12,0.7333333333333333,0.8,952,0.7685505151748657,0.9338235294117647,0.00808939117134724
no_sparse_experts,22,13,0.8,0.8666666666666667,2750,0.8396443724632263,0.9727272727272728,0.0233674639928623
no_sparse_experts,22,14,0.8666666666666667,0.9333333333333333,3067,0.900915265083313,0.9983697424193022,0.02606109529676679
no_sparse_experts,22,15,0.9333333333333333,1.0,40972,0.9833604097366333,0.9999267792638875,0.348149721714747
